{"cameraMode":{"drawMode":0,"name":"Shaded","section":"Shading Mode"},"sceneLighting":true,"audioPlay":false,"sceneViewState":{"showFog":true,"showMaterialUpdate":false,"showSkybox":true,"showFlares":true,"showImageEffects":true,"showParticleSystems":true},"in2DMode":false,"pivot":{"x":53.06105041503906,"y":-4.76837158203125e-7,"z":90.91339874267578},"rotation":{"x":-5.218696585984617e-9,"y":0.5246432423591614,"z":4.0543930879266557e-8,"w":0.8513217568397522},"size":3.376317262649536,"orthographic":true}