{"cameraMode":{"drawMode":0,"name":"Shaded","section":"Shading Mode"},"sceneLighting":false,"audioPlay":false,"sceneViewState":{"showFog":true,"showMaterialUpdate":false,"showSkybox":false,"showFlares":true,"showImageEffects":true,"showParticleSystems":true},"in2DMode":false,"pivot":{"x":7.000000953674316,"y":12.699999809265137,"z":-7.000001907348633},"rotation":{"x":0.40698686242103579,"y":-0.3281709849834442,"z":0.15949644148349763,"w":0.8373941779136658},"size":6.9289398193359379,"orthographic":false}