{"cameraMode":{"drawMode":0,"name":"Shaded","section":"Shading Mode"},"sceneLighting":false,"audioPlay":false,"sceneViewState":{"showFog":true,"showMaterialUpdate":false,"showSkybox":false,"showFlares":true,"showImageEffects":true,"showParticleSystems":true},"in2DMode":false,"pivot":{"x":0.0,"y":0.2649644613265991,"z":-0.1516808271408081},"rotation":{"x":0.1299302875995636,"y":0.054999660700559619,"z":-0.007220203056931496,"w":0.9899747371673584},"size":2.174111843109131,"orthographic":false}