{"cameraMode":{"drawMode":0,"name":"Shaded","section":"Shading Mode"},"sceneLighting":false,"audioPlay":false,"sceneViewState":{"showFog":true,"showMaterialUpdate":false,"showSkybox":false,"showFlares":true,"showImageEffects":true,"showParticleSystems":true},"in2DMode":false,"pivot":{"x":-1.2180159091949463,"y":-0.15647590160369874,"z":-1.1952060461044312},"rotation":{"x":0.40634992718696597,"y":0.4618213474750519,"z":-0.2510969936847687,"w":0.7473677396774292},"size":9.56961441040039,"orthographic":false}